Mean_ms,Min_ms,Max_ms,p50_ms,p99_ms
0.363441,0.171617,4.93765,0.339444,0.762724
